userid,Renta_zona_usuario,sentiment
617383,20650.0,0.47
784655,15050.0,0.04
785761,15750.0,0.19
1724941,11550.0,0.11
2902311,15750.0,0.14
4247801,21350.0,0.16
5179651,26950.0,0.15
7664852,12950.0,0.01
9685402,20650.0,0.25
11123932,20650.0,0.47
11192212,15750.0,0.23
11625152,16450.0,0.01
12105232,15400.0,0.05
12286562,24850.0,-0.97
14080461,13650.0,0.48
14341583,24150.0,0.19
14567108,12250.0,0.32
14584086,15050.0,-0.13
15413795,16450.0,0.15
15558499,17150.0,0.19
15703541,19250.0,0.23
15753815,17850.0,0.3
15870177,19950.0,0.22
15955822,15750.0,-0.0
16379709,14350.0,0.17
16381230,21350.0,-0.1
16476480,12950.0,-0.16
16798736,15050.0,-0.03
17151860,12250.0,-0.09
17250153,17850.0,0.69
17655662,15050.0,0.18
18629172,16450.0,0.59
18776130,11550.0,0.19
18901057,15050.0,0.09
20937876,13650.0,0.01
21562932,16450.0,0.04
21868043,24150.0,0.76
22403858,15050.0,0.54
22529139,24850.0,0.0
23431939,8750.0,0.17
23925067,22050.0,0.19
24855284,12250.0,0.98
25803036,18550.0,0.07
26318172,20650.0,-0.02
26592794,11550.0,0.2
26820242,13650.0,-0.23
28795720,14350.0,0.33
30445634,11550.0,0.69
30481974,15050.0,0.09
30620408,15050.0,-0.41
31390222,16450.0,0.34
32451246,14350.0,0.08
33187129,20650.0,0.32
35044281,24150.0,0.22
36018448,17150.0,0.14
36023053,20650.0,0.63
36488556,12950.0,0.41
38564491,18550.0,-0.0
38718362,17150.0,0.57
40046062,14350.0,-0.03
40444023,10850.0,0.16
40550000,22050.0,-0.3
42286343,12950.0,-0.1
42862692,10850.0,0.13
42893710,11550.0,0.07
44210076,13650.0,-0.36
47160564,24150.0,-0.82
47991941,27650.0,-0.15
48687219,31150.0,0.38
48708627,16450.0,0.32
49151751,15050.0,-0.13
49442935,22050.0,0.17
49842850,13650.0,0.23
50021837,15050.0,0.64
50463771,19250.0,0.32
51654407,20650.0,-0.16
52456967,17150.0,0.0
54143318,12950.0,0.1
54263350,12250.0,-0.1
54438649,13650.0,0.06
54661414,19950.0,0.43
56845249,15750.0,-0.0
57988913,27650.0,0.6
58074625,22050.0,0.74
58180319,20650.0,0.11
59358331,15050.0,-0.0
61593714,15050.0,0.64
62107387,20650.0,0.25
62479194,17850.0,-0.04
62858378,19250.0,0.67
63309274,20650.0,0.25
63513417,19950.0,-0.05
63647962,15750.0,0.08
63793213,27650.0,0.39
65327422,31150.0,-0.01
65769838,16450.0,-0.04
66015169,26250.0,0.01
66199228,20650.0,0.29
66762993,20650.0,0.11
69140713,17850.0,0.01
69755223,11550.0,0.16
70748585,21000.0,0.2
71542755,11550.0,0.03
72702165,22750.0,0.66
73886414,15050.0,0.2
73934159,20650.0,0.44
74675303,13650.0,0.87
75750832,13650.0,0.32
75890881,12250.0,1.0
76135669,22750.0,0.37
76880516,11550.0,0.46
77720972,12950.0,0.6
78553382,19250.0,0.18
79059960,16450.0,0.19
79845869,24850.0,0.83
80961454,13650.0,0.14
81811013,12250.0,0.39
82946408,13650.0,0.39
83089595,21350.0,0.3
84143687,14350.0,0.09
84377438,17150.0,0.03
85450823,15750.0,0.09
85888750,20650.0,0.07
86048943,13650.0,-0.04
87485942,17150.0,-0.12
87498441,12950.0,-0.1
87664845,12250.0,0.11
87908023,23450.0,0.27
88472576,27650.0,0.58
88583375,11550.0,0.69
88684478,15750.0,0.8
88893534,31850.0,0.41
88946173,12950.0,0.31
89165765,17850.0,-0.05
89784347,20650.0,0.18
91132164,15750.0,0.41
91317326,36750.0,0.53
92028570,16450.0,0.07
92564987,17850.0,-0.19
92598627,18550.0,-0.02
92629354,24150.0,0.09
92694459,12250.0,0.02
92819458,14350.0,0.0
92860303,31150.0,-0.0
93166089,11900.0,-0.3
94391787,16450.0,0.15
94522169,24150.0,0.14
96368568,15050.0,-0.01
96663968,18550.0,-0.09
96853999,31150.0,0.46
97249381,12250.0,-0.14
98964254,20650.0,0.48
100181948,28700.0,0.0
100269583,16450.0,0.87
100316573,31150.0,0.3
101598527,11550.0,0.09
102667693,12950.0,0.05
104236143,24150.0,0.11
106120391,10850.0,0.89
106828991,15050.0,0.21
107013178,21350.0,0.68
107574625,15050.0,-0.41
107858981,17850.0,-0.1
108742651,20650.0,-0.01
108987652,20650.0,0.4
109538084,19950.0,0.65
110823014,22050.0,0.45
111036987,12250.0,0.84
112288331,17850.0,-0.09
112304919,17850.0,0.02
113070770,28700.0,0.03
115025891,14350.0,0.26
115083721,12950.0,0.0
115355950,30450.0,0.53
115975648,24150.0,0.54
116339258,22050.0,0.93
116703400,16450.0,0.32
116897015,20650.0,0.42
116924305,14350.0,0.11
117516117,15750.0,0.06
117884436,19250.0,0.05
118352921,31850.0,0.65
118409332,11550.0,0.17
118771391,15750.0,0.07
119550440,16450.0,-0.41
121733764,14350.0,-0.02
122310317,12950.0,0.14
122511719,21350.0,0.79
122723556,24150.0,0.18
122954058,20650.0,0.7
124208085,28350.0,0.45
124538414,16450.0,0.34
126005943,17150.0,0.29
126047696,16450.0,0.28
126075696,20650.0,0.04
126985467,16450.0,0.47
127359323,15050.0,0.26
127584026,11550.0,0.07
127742597,21350.0,0.43
128044041,12250.0,0.23
129896032,11550.0,0.4
130948183,31150.0,0.91
131444980,12250.0,0.21
132439956,11550.0,0.36
133246158,20650.0,0.47
133770101,12250.0,0.11
135088193,17850.0,0.21
136246531,15750.0,0.11
137508630,9450.0,0.0
138167121,17150.0,-0.94
138403160,11550.0,0.24
139660640,19950.0,-0.13
140014447,12250.0,0.43
141063910,13650.0,0.93
141069521,15050.0,0.25
142023050,11550.0,0.86
142451580,13650.0,0.92
142647380,8750.0,0.75
144976129,12250.0,0.0
144998533,15750.0,0.0
145400513,13650.0,0.27
146376337,15750.0,0.12
146421080,13650.0,0.14
146437617,12250.0,0.77
147268479,22750.0,0.12
147602310,15400.0,0.4
147724676,18550.0,-0.0
148076807,31850.0,0.1
148461629,13650.0,0.29
148761863,11550.0,0.84
149403185,11550.0,0.13
149634289,12250.0,0.26
150303636,24850.0,0.01
150618405,11550.0,0.14
150624922,15050.0,0.21
151515589,12950.0,0.45
151799526,13650.0,0.58
152776913,15050.0,0.53
153037939,15050.0,0.58
154279553,11550.0,0.17
154751688,14350.0,-0.05
155235690,19250.0,0.15
155249477,14350.0,0.24
155596867,15050.0,0.25
156110868,31850.0,0.76
156213180,10850.0,0.08
156780271,18550.0,0.92
157419761,20650.0,0.66
157530895,31150.0,-0.22
157976321,20650.0,0.61
158072192,20650.0,-0.11
158159535,11550.0,0.82
158756012,26250.0,0.38
159032982,11550.0,0.42
159072694,18550.0,-0.05
159102495,17850.0,-0.75
159993327,20650.0,0.54
160164134,20650.0,0.56
161441647,11550.0,0.19
161997182,11550.0,-0.43
162001517,13650.0,0.07
163393384,12250.0,0.52
165004496,15050.0,0.86
165455182,18550.0,0.36
165879278,15050.0,0.11
166291835,12250.0,0.0
166524823,15750.0,0.11
167504467,20650.0,0.41
167549845,12950.0,0.17
169248666,11550.0,0.11
169599455,19950.0,0.64
171127520,11550.0,0.76
171432221,18550.0,0.35
172160927,15750.0,0.33
172394090,15050.0,0.54
174323909,15750.0,0.0
174691708,12250.0,0.84
176516538,31150.0,0.2
177569256,19250.0,-0.15
178015685,13650.0,0.04
178348898,31850.0,0.0
178660731,19250.0,0.36
178713899,12950.0,0.37
178757983,13650.0,0.71
179135700,13650.0,0.09
179172062,15050.0,0.79
180066831,12250.0,0.72
180093284,24150.0,0.98
180333341,34650.0,0.04
180832820,15050.0,0.14
182092342,20650.0,0.28
182474069,21350.0,0.81
182915721,16450.0,0.46
184537316,17850.0,0.0
184760441,12250.0,0.43
184811547,13650.0,0.23
184875265,20650.0,0.18
184959473,22050.0,0.2
185230624,15050.0,0.03
185403505,20650.0,0.16
185653593,23450.0,0.56
186031968,15750.0,0.01
186128718,12250.0,0.8
186256294,12250.0,0.26
187226661,15750.0,-0.11
188253028,10850.0,0.68
188440406,12250.0,0.31
188841268,16450.0,0.74
189306662,20650.0,0.0
189650742,31150.0,0.5
190862906,12950.0,0.27
191085359,31150.0,0.18
191405135,13650.0,0.36
192019929,31150.0,0.02
192609982,20650.0,0.45
194338530,26950.0,0.27
195309085,10850.0,0.95
195484515,18550.0,0.22
196332005,15050.0,0.25
196742626,20650.0,0.34
197123103,12950.0,-0.41
197339107,26250.0,0.5
197429137,18550.0,0.37
197429451,16450.0,0.42
197944513,14350.0,0.08
198639865,12950.0,-0.19
199238179,12950.0,0.21
199844043,27650.0,0.09
200541776,10850.0,0.1
203824744,20650.0,0.48
204048135,16450.0,0.58
204946958,11550.0,0.34
205678729,10150.0,0.37
205868586,15050.0,0.11
207924866,12950.0,-0.18
207999041,20650.0,0.7
208625160,15050.0,0.05
208843885,13650.0,0.88
210872149,10150.0,0.43
210930715,15050.0,0.17
211339315,20650.0,0.0
211799482,11550.0,0.53
211933965,14350.0,0.31
213611782,12950.0,0.18
213619474,10850.0,0.15
214399884,13650.0,-0.02
214599522,14350.0,0.32
215661586,33950.0,0.09
215819041,10850.0,0.54
215961514,13650.0,0.18
216311160,20650.0,0.38
216509515,20650.0,0.49
217746950,13650.0,-0.05
217779492,17150.0,-0.04
217867381,31150.0,-0.0
218217896,18550.0,0.21
219006083,31150.0,0.14
219085149,12250.0,-0.27
219782692,16450.0,0.11
220174978,20650.0,0.2
220639235,14350.0,0.18
220946591,20650.0,0.06
222822744,17150.0,0.6
223155164,10150.0,0.49
223259533,20650.0,-0.17
224754750,17150.0,0.25
225014092,20650.0,-0.16
225499493,10850.0,-0.14
225954159,11550.0,0.31
226658046,10850.0,-0.01
227445041,24150.0,0.4
229151243,23450.0,0.44
230165470,15750.0,-0.06
231430187,31150.0,0.08
232878377,12950.0,0.2
233345061,10850.0,0.38
233620467,17850.0,0.72
234784742,12250.0,0.16
234853274,10850.0,0.59
234939311,26250.0,0.06
235531343,22050.0,0.7
235773443,24850.0,0.17
235999054,15750.0,-0.41
236881310,17850.0,0.37
237053950,12250.0,-0.79
237363671,12950.0,0.0
237549337,14350.0,0.88
237932858,20650.0,0.2
238609328,18550.0,0.14
238994850,10150.0,0.27
239965124,16450.0,-0.04
240268600,10850.0,0.33
241945690,16450.0,-0.35
242091396,16450.0,-0.14
242123668,12950.0,0.0
242885648,20650.0,-0.23
243347140,13650.0,0.34
244045005,12950.0,0.14
244210159,17850.0,0.78
244378641,22050.0,0.21
246837853,25550.0,0.38
247907680,15750.0,0.01
247935519,17850.0,0.12
248121040,14350.0,0.16
248152453,12950.0,0.02
248306761,19950.0,0.3
248472135,20650.0,-0.06
248846369,11550.0,0.2
249233501,11550.0,0.61
249353387,12950.0,-0.43
250195098,22050.0,0.09
250208005,16450.0,0.06
250224039,23450.0,0.38
250403991,11550.0,0.41
251860493,20650.0,0.0
252241736,15750.0,0.06
252492103,20650.0,0.34
252798088,13650.0,0.15
253156864,21350.0,0.88
253706297,24850.0,-0.02
254193917,10850.0,0.65
254689111,17850.0,0.42
255065995,14350.0,0.05
255206585,11550.0,0.46
256136140,14350.0,0.24
258002841,15050.0,-0.21
258484725,10850.0,-0.12
259343694,19250.0,0.64
259669505,10150.0,0.13
260426601,19950.0,0.98
260770383,8050.0,0.41
261151568,10850.0,0.39
261310537,12250.0,0.41
261407461,14350.0,0.19
262839393,13650.0,0.63
263359147,12250.0,-0.19
263589741,16450.0,0.36
263775255,17150.0,0.06
264174489,12950.0,0.74
264350276,23450.0,-0.17
266589519,31150.0,0.17
266823278,20650.0,0.08
267411180,22050.0,0.07
270010775,19250.0,0.27
270085920,12250.0,0.36
270321211,19950.0,0.1
270938576,11550.0,-0.14
271366555,14350.0,0.5
271616923,15750.0,0.1
272448483,14350.0,0.46
272520203,26950.0,0.48
272646622,31150.0,0.92
272686602,20650.0,0.0
273018374,20650.0,-0.19
273363190,17850.0,0.0
273605517,17850.0,0.05
275572312,20650.0,0.45
275631499,31150.0,0.3
275753618,20650.0,0.77
276184330,15750.0,0.95
276662432,15050.0,0.19
278164046,20650.0,0.15
279099257,15050.0,0.53
279131162,22050.0,0.6
279489047,15750.0,0.28
279504374,27650.0,-0.22
279512957,17850.0,0.04
279555990,9450.0,-0.02
279740942,21350.0,0.21
279915215,17150.0,0.3
280719275,13650.0,0.97
281221084,18550.0,0.8
281720074,20650.0,0.44
281983112,18550.0,0.13
282780020,15750.0,0.17
283023664,29050.0,0.0
283544090,15050.0,0.0
284064590,17150.0,0.09
284151631,13650.0,0.97
284175539,20650.0,-0.07
285819521,16450.0,-0.08
285869482,17150.0,0.17
286113574,10150.0,0.52
286191828,15750.0,-0.04
286386320,15050.0,-0.27
287235638,12250.0,-0.0
287596636,14350.0,-0.2
288396917,15050.0,0.64
290481324,15050.0,0.41
290856873,16450.0,0.62
291251095,22050.0,0.43
291934214,12250.0,0.36
291951071,10850.0,0.74
292027758,29050.0,0.98
292155843,16450.0,0.19
292339668,26250.0,0.84
292353252,20650.0,0.28
292951830,15750.0,0.02
293091302,11550.0,0.09
293126360,15050.0,-0.04
293757609,14350.0,0.9
295118083,11550.0,0.57
295171937,12950.0,0.33
295191363,14350.0,-0.02
295389401,20650.0,0.62
296178494,16450.0,0.3
296306468,14350.0,0.33
296742958,31150.0,0.58
296980084,10150.0,0.02
299057482,10850.0,0.43
299264539,12250.0,0.54
300153830,16450.0,-0.46
300728556,20650.0,0.09
300833700,16450.0,0.0
300861743,11550.0,0.16
301037151,19950.0,0.13
301121772,12950.0,0.03
301660911,20650.0,0.48
301819773,10850.0,-0.0
302075347,28700.0,0.5
302107693,16450.0,0.54
302625304,16450.0,0.27
303241520,36750.0,-0.11
303369254,20650.0,0.6
303387541,16450.0,0.03
304527763,20650.0,0.82
304645793,12950.0,-0.06
305747964,17850.0,0.44
306057559,10850.0,0.65
306172485,15750.0,0.0
306220763,15750.0,0.38
307285877,12950.0,0.08
307390953,15750.0,0.26
307789894,20650.0,-0.03
308138944,22750.0,0.44
309077758,5950.0,0.19
309688920,17850.0,0.45
310383169,15050.0,-0.1
311701558,20650.0,-0.29
312788768,12950.0,0.66
313591148,18550.0,0.37
314559605,20650.0,0.77
315221348,10850.0,0.22
315240798,25550.0,0.49
315808604,10150.0,0.15
317047044,12950.0,0.73
317056952,31150.0,0.34
317364007,15750.0,0.36
317737896,12250.0,0.74
318077489,19950.0,-0.62
318560530,17150.0,0.32
319144577,20650.0,0.28
319664758,15050.0,0.52
320301901,17150.0,0.47
321038898,36750.0,0.22
323260288,10850.0,0.13
325689220,19950.0,0.53
327432378,15750.0,0.16
328525931,13650.0,0.53
330620135,20650.0,0.29
332909156,15750.0,0.36
333498490,10150.0,0.34
334003247,13650.0,-0.17
335632028,15750.0,0.71
336487395,17850.0,-0.71
336636767,15050.0,-0.2
337703208,10850.0,0.48
338417355,27650.0,0.51
339791882,9450.0,-0.31
341456990,12950.0,0.62
341648025,12250.0,-0.98
344007948,13650.0,0.37
347055698,31150.0,0.68
348044578,10150.0,-0.61
348432814,26250.0,-0.17
349029678,13650.0,0.0
350838927,20650.0,0.99
352468789,19250.0,-0.01
353827936,12250.0,0.05
355133815,20650.0,0.34
355432568,20650.0,0.02
357193716,20650.0,0.02
358855916,27650.0,0.29
358858812,14350.0,0.25
359067269,11550.0,0.28
361198708,16450.0,-0.05
363051524,17150.0,0.75
364833937,18550.0,0.37
366532860,15750.0,0.17
367510510,11550.0,0.2
368055573,12250.0,-0.24
368215988,18550.0,0.36
368924276,13300.0,0.95
369776147,24150.0,-0.88
370911956,18550.0,0.14
372347749,12250.0,-0.16
372422200,15050.0,0.21
372826254,17850.0,-0.03
372829540,13650.0,-0.17
373380456,20650.0,-0.01
373511602,12250.0,-0.05
374235613,13650.0,0.35
375743739,21350.0,-0.13
376188584,20650.0,0.21
376413788,17850.0,0.06
376528422,18550.0,0.6
376955291,20650.0,0.01
377582506,21350.0,-0.03
377892198,19250.0,0.6
379891863,10150.0,0.35
380197984,12950.0,0.17
380221163,18550.0,-0.08
381014235,23450.0,0.12
382106278,29750.0,0.14
382898681,22750.0,0.48
383735621,10850.0,-0.26
384206646,12950.0,-0.02
384806347,15050.0,0.84
384888115,10850.0,0.54
384988240,12250.0,-0.45
385000713,19950.0,0.15
385590243,20650.0,-0.1
385629600,17150.0,0.12
385946904,13650.0,0.39
387076806,11550.0,0.35
387330116,12250.0,-0.02
387674437,12250.0,-0.21
388568054,17850.0,0.37
389087782,14350.0,0.03
390326220,10850.0,0.35
391958021,15750.0,0.42
394065642,15750.0,-0.14
394203032,21350.0,-0.35
394386580,20650.0,0.87
394747830,27650.0,0.01
395341758,15750.0,0.57
397273346,15750.0,0.0
397562253,20650.0,0.27
397617470,13650.0,0.14
397949695,15750.0,0.69
398574176,23450.0,0.0
398579535,22050.0,0.25
398899915,20650.0,0.42
399939492,23450.0,0.51
400187554,26950.0,-0.0
400873170,15050.0,0.0
401051993,20650.0,0.77
401683982,15050.0,-0.1
401973623,18550.0,0.46
402866211,10150.0,0.0
403586216,13650.0,0.33
403982798,9450.0,0.26
406202639,17850.0,-0.24
406390113,16450.0,0.39
408066527,20650.0,0.43
408447402,11550.0,0.37
408663868,14350.0,0.1
408708513,20650.0,-0.02
408744182,36750.0,0.79
409766030,20650.0,0.36
410071304,20650.0,-0.01
410224220,20650.0,0.62
413031916,15750.0,0.0
413713884,18550.0,0.08
413796179,13300.0,0.54
414108131,12950.0,-0.15
414165751,12250.0,0.22
415748218,11550.0,0.0
416524831,10850.0,0.23
417175663,10850.0,0.0
418201898,12250.0,0.19
418240748,12950.0,0.82
419732773,13650.0,0.4
422070810,20650.0,0.62
422802945,12950.0,-0.06
424260207,17150.0,-0.34
430176857,11550.0,0.0
433318020,14350.0,-0.44
436079240,16450.0,0.54
437417833,15050.0,0.22
437520046,20650.0,0.8
437720808,10850.0,0.19
437925433,25550.0,0.47
438443724,11550.0,0.3
439520840,18550.0,0.21
440200274,15400.0,0.66
441807579,16450.0,0.06
444148184,18550.0,0.0
444575299,23450.0,0.35
444618129,19950.0,0.15
445774415,11550.0,0.26
446433608,16450.0,-0.32
447416589,15050.0,0.6
448016312,20650.0,0.08
448271846,31150.0,0.59
448451334,16450.0,0.24
448968145,24150.0,-0.2
448995886,15050.0,0.3
451043206,15750.0,0.23
452487233,17150.0,0.27
454732471,20650.0,0.65
455040276,10150.0,-0.51
455071009,11550.0,0.62
457872514,16450.0,0.0
459477808,15050.0,0.23
459654350,11550.0,0.02
462225391,17850.0,0.16
464206612,12250.0,-0.01
464661553,17850.0,0.67
464875025,13650.0,0.14
465022859,12950.0,0.87
465898335,15050.0,0.57
465940079,31150.0,-0.32
465961343,14350.0,-0.03
466110245,18550.0,0.29
466389412,12950.0,-0.12
466767046,15750.0,0.24
467220028,13650.0,-0.32
467888300,20650.0,0.31
468744144,12950.0,0.14
468751912,17850.0,-0.1
469498578,14350.0,0.76
472047627,12950.0,0.2
472110062,11550.0,-0.15
472356807,25550.0,-0.27
472794296,12950.0,0.0
472967786,20650.0,0.0
475859777,15050.0,0.81
476889838,18550.0,0.45
477862710,15050.0,0.29
477949943,17150.0,0.53
478036128,20650.0,-0.13
479267947,36750.0,0.38
480629897,15750.0,0.23
483979789,18550.0,0.34
484618544,13650.0,0.25
487674586,17850.0,-0.5
488540676,24850.0,0.2
489482920,12250.0,0.44
489598327,16100.0,0.23
490380566,15750.0,0.43
493381284,15750.0,0.03
493386722,12250.0,-0.34
494599109,9450.0,0.26
498666014,13650.0,-0.2
499256547,20650.0,0.67
499780640,20650.0,0.21
501816287,24850.0,-0.1
503154721,10150.0,0.26
505752398,15050.0,-0.06
508730399,17850.0,0.11
512210134,11550.0,0.56
513216413,15750.0,0.35
513485211,15750.0,0.89
514307918,15750.0,0.39
514466226,17150.0,0.12
515812094,22050.0,0.08
516662124,12950.0,0.11
516886171,19250.0,0.05
519549340,18550.0,0.08
519668625,20650.0,0.09
521162398,15050.0,0.24
521366205,17850.0,0.69
522294533,12250.0,0.59
526335755,13650.0,0.11
526544988,20650.0,0.5
534387391,16450.0,0.22
534689155,12950.0,0.45
539429012,23450.0,0.32
541831366,31150.0,0.25
542813986,10150.0,0.15
542984034,20650.0,0.58
548517419,23450.0,-0.14
548574667,20650.0,0.17
548598094,13650.0,0.46
551342725,28350.0,0.64
552046463,36750.0,0.11
553035798,12250.0,0.19
555852659,20650.0,0.15
557076972,16450.0,0.44
557765504,34650.0,-0.29
558676759,12250.0,0.49
559803904,9450.0,-0.02
560517653,25550.0,0.16
560591593,11550.0,0.7
560595549,10850.0,-0.36
566090650,10850.0,0.61
567314410,24150.0,0.0
568719488,36050.0,0.07
570324704,15750.0,0.0
570622948,15750.0,0.31
571623169,20650.0,-0.2
575330940,20650.0,0.14
579185337,20650.0,0.38
580767943,11550.0,0.0
581859595,20650.0,0.53
581914226,12950.0,0.31
581964087,15050.0,0.72
582923305,12250.0,0.72
584090927,12600.0,0.04
584199302,22050.0,-0.03
584220880,14350.0,0.47
584955423,11550.0,-0.05
586894573,16450.0,0.01
589275217,21350.0,0.02
591175725,15750.0,-0.35
592520419,11550.0,0.0
594480434,17850.0,0.18
597663301,12950.0,0.33
601147503,31150.0,-0.14
606483486,12250.0,0.0
607195584,11550.0,0.0
609851272,10850.0,-0.34
611877426,13650.0,-0.04
612404395,32550.0,0.79
614357196,10850.0,0.28
614642130,24150.0,0.78
616000004,12250.0,0.35
617299066,10850.0,0.0
618068354,21350.0,0.21
618228393,28350.0,0.52
618393800,20650.0,-0.05
620142848,20650.0,0.03
620863678,17850.0,0.17
622022834,18550.0,-0.13
625347466,12950.0,0.36
626129226,31150.0,0.99
632380120,16450.0,0.12
634438610,15750.0,0.0
634591330,10150.0,-0.85
636187669,17150.0,0.44
636523526,12250.0,0.12
708924482,19250.0,0.07
713242410,24150.0,0.25
713915292,18550.0,0.84
730412558,12950.0,-0.47
731381468,12950.0,-0.02
740659578,20650.0,0.09
745401482,12250.0,0.07
757471410,17850.0,0.0
759482844,24150.0,0.07
759574885,31150.0,0.94
765438732,15750.0,0.58
769876842,24150.0,0.0
770413657,6650.0,0.3
776451848,11550.0,0.54
784210740,22050.0,0.2
784413463,17150.0,0.11
786782450,12950.0,0.96
787260650,31150.0,-0.7
791455460,31150.0,0.04
799060603,22050.0,0.07
799512942,12950.0,0.31
812868678,10850.0,0.25
815895360,18550.0,-0.08
821892199,20650.0,0.26
823320488,12250.0,0.1
828728833,15750.0,0.7
834905160,13650.0,0.6
836318149,15750.0,-0.25
840521730,24850.0,0.45
840563208,24150.0,-0.07
840862424,12250.0,0.5
842077730,12250.0,0.0
844550034,15050.0,0.44
845478488,15050.0,0.01
849238280,16450.0,0.0
849323419,8750.0,0.32
851555448,12250.0,0.11
858042414,10150.0,-0.41
859891273,16450.0,0.92
864392892,34650.0,0.26
865987140,13650.0,0.92
866245886,14700.0,0.5
866430667,24150.0,0.87
866495545,18550.0,0.65
872474786,10150.0,-0.17
875433438,14350.0,0.55
889363500,15750.0,0.27
895065433,10850.0,0.43
895518793,13650.0,0.17
895704866,7350.0,0.06
904415126,23450.0,0.13
906219548,19250.0,0.01
915526890,15050.0,0.97
916633442,11550.0,0.62
917753682,24850.0,-0.46
922871743,12250.0,0.65
923392381,12950.0,0.41
923537478,10850.0,0.8
924298736,13650.0,-0.18
932984395,20650.0,0.74
941283157,19950.0,0.06
943230391,20650.0,0.58
952260073,15750.0,0.0
953204155,20650.0,0.49
966368102,15750.0,0.26
971014759,9450.0,0.45
972145986,12950.0,0.1
976702788,11550.0,0.61
984171188,13650.0,0.51
984999942,12950.0,0.34
985375746,15750.0,-0.09
989491177,17150.0,0.4
989597911,15050.0,-0.14
991571893,12250.0,0.01
993503377,13650.0,-0.21
996055734,15050.0,0.82
999641702,16450.0,0.32
1002235549,15050.0,-0.17
1007370835,17150.0,-0.12
1007498934,12950.0,-0.05
1017602935,10850.0,0.0
1023696859,17850.0,-0.15
1029022500,15750.0,0.19
1042914672,20650.0,0.65
1051545680,12950.0,-0.0
1052214504,11550.0,0.46
1054763426,14350.0,0.07
1059172213,11550.0,0.28
1061171084,9450.0,-0.46
1067888378,29050.0,0.37
1069218692,15050.0,0.49
1071858648,24850.0,0.15
1072402032,12950.0,0.07
1087802558,22750.0,0.46
1087890655,31850.0,0.43
1089274789,10850.0,-0.16
1094797736,13650.0,-0.1
1102229383,17150.0,-0.11
1116996727,14350.0,0.44
1120331888,11550.0,0.74
1122025458,16450.0,0.15
1126733894,15750.0,0.59
1139547961,26250.0,0.17
1148908074,12950.0,0.28
1151652984,22050.0,0.68
1154932831,11550.0,-0.07
1184505073,10850.0,0.14
1187834312,27650.0,0.03
1194977702,10150.0,0.12
1201032415,15750.0,0.36
1218740941,10850.0,-0.31
1235467003,29750.0,0.88
1247403380,11550.0,-0.34
1251541237,15050.0,0.68
1252930010,16450.0,0.34
1270872704,17850.0,-0.13
1272168236,17150.0,0.06
1278015182,13650.0,0.22
1281038550,31150.0,0.27
1285928286,31150.0,0.38
1291442124,18550.0,0.32
1305123876,31150.0,0.99
1307297940,14350.0,0.19
1316862031,24150.0,0.0
1325184590,16450.0,-0.1
1327763358,22750.0,-0.01
1342896242,12950.0,0.09
1343838752,20650.0,0.01
1347439346,12950.0,-0.38
1349565744,8750.0,0.01
1352062196,15750.0,-0.06
1353117306,31150.0,-0.27
1358957401,12250.0,0.51
1375676485,20300.0,0.36
1376335380,23450.0,0.62
1380033980,19250.0,0.12
1393470439,20650.0,0.3
1413583772,24850.0,0.95
1427660256,16450.0,-0.01
1430512622,13650.0,0.04
1446522456,10850.0,0.56
1448633318,22050.0,0.32
1452572701,31150.0,0.09
1456218962,26950.0,-0.04
1462568988,20650.0,0.52
1471598126,26950.0,0.91
1495328876,33950.0,-0.14
1514122621,12250.0,0.22
1514253546,26250.0,0.9
1516748425,10150.0,0.95
1520538895,15050.0,-0.02
1521473869,20650.0,0.92
1528880406,18550.0,-0.79
1531739119,16450.0,0.87
1534049106,19950.0,0.81
1537421106,15050.0,0.52
1557913292,20650.0,0.3
1563054366,11550.0,-0.09
1565478374,16450.0,-0.26
1580184631,12950.0,0.92
1600700688,24150.0,0.38
1603034696,36050.0,0.5
1608357115,20650.0,0.78
1613349842,27650.0,0.31
1619526708,24150.0,0.21
1653183973,15750.0,0.33
1668877416,11550.0,0.69
1673345400,12250.0,-0.41
1675777364,14350.0,0.98
1697348058,24150.0,0.77
1704567841,18550.0,0.58
1723462104,12950.0,0.28
1846497242,18550.0,0.07
1855572122,17150.0,0.23
1864291188,31150.0,0.41
1864480730,17850.0,0.21
1876030920,12950.0,0.31
1887602749,12250.0,0.79
1889702970,12250.0,0.45
1915659048,17150.0,-0.25
1930391958,15750.0,0.43
1930864158,12950.0,0.5
1937441166,20650.0,0.88
1954238774,12250.0,0.09
1967355474,7350.0,0.08
1974659378,24850.0,0.79
2152465694,30450.0,0.27
2161308518,22050.0,-0.24
2174621246,11550.0,0.03
2176269728,32550.0,0.16
2178566736,19250.0,1.0
2181143045,31150.0,0.13
2185110590,15050.0,0.66
2191145552,12250.0,0.89
2192840281,12250.0,0.0
2228724821,17150.0,-0.08
2234988734,15750.0,-0.02
2237432778,15050.0,0.25
2254725482,17150.0,0.48
2258047837,13650.0,-0.19
2262749897,17150.0,-0.12
2264056631,15050.0,0.37
2338379621,12950.0,0.15
2368959053,14350.0,0.0
2378565310,17850.0,0.19
2378688757,11550.0,0.71
2378742043,13650.0,0.4
2390457953,31150.0,0.23
2393505477,11550.0,0.0
2395473628,12950.0,0.87
2418177299,22050.0,-0.25
2422475431,19250.0,0.94
2423754732,12250.0,-0.02
2428882420,10850.0,-0.31
2432151422,16450.0,0.58
2447435551,15050.0,0.33
2450114873,17850.0,0.31
2463357939,16450.0,-0.08
2470461019,14350.0,0.88
2478248288,18550.0,-0.12
2589966336,20650.0,0.99
2590262197,9450.0,0.39
2619524632,15050.0,0.11
2634467116,15050.0,0.82
2683609415,13650.0,0.1
2700872377,18550.0,0.27
2701385095,16450.0,0.17
2715520649,17850.0,-0.12
2717800595,13650.0,0.44
2721651880,19950.0,0.47
2725086567,13650.0,0.53
2780261897,25550.0,0.46
2784600836,11550.0,0.15
2790036724,19950.0,0.14
2801748476,11550.0,0.17
2806028193,10150.0,0.29
2811551502,14350.0,-0.04
2811678010,19950.0,0.3
2813182292,24150.0,0.5
2818037288,20650.0,-0.01
2820086110,15750.0,0.94
2824821220,15750.0,0.45
2839794603,10850.0,0.31
2846589448,11550.0,0.18
2849966783,13650.0,0.94
2852161145,15750.0,0.35
2868844529,15750.0,0.88
2876531356,12950.0,-0.27
2880098614,12950.0,0.88
2884243551,12950.0,0.0
2888045993,20650.0,0.32
2929264889,13650.0,0.33
2954412032,24850.0,0.19
2961245014,10850.0,0.9
2962176526,20650.0,0.89
2980926617,12950.0,-0.02
2984964558,15750.0,0.59
2987496809,24150.0,0.53
2987756981,13650.0,0.66
2994651286,17150.0,0.12
3020515995,11550.0,0.66
3028917351,14350.0,0.31
3047980213,14350.0,0.06
3050173383,17150.0,0.24
3084889895,15750.0,0.49
3195857861,11550.0,0.21
3257570392,13650.0,0.0
3299750224,20650.0,0.3
3303990730,31150.0,0.66
3307134681,13650.0,0.2
3317791572,16450.0,0.0
3322694254,15750.0,-0.2
3347486092,20650.0,0.08
3352643962,12250.0,-0.1
3404236917,12950.0,0.84
3423075119,17850.0,-0.51
3493315096,17150.0,0.68
3625151243,31150.0,0.18
3642202455,25550.0,0.01
3906790347,10850.0,-0.17
4032581554,20650.0,-0.03
4068581420,20650.0,0.28
4069778056,19950.0,0.08
4156387583,20650.0,0.87
4188658216,31150.0,0.62
4493898437,12950.0,0.78
4573758741,31150.0,0.0
4762937895,23450.0,0.36
4821880871,19250.0,0.13
4826581221,22750.0,0.58
4831592985,13650.0,0.12
4904589382,24850.0,0.26
4909525545,11550.0,0.34
701379658600882176,12950.0,0.13
703568000935395329,19950.0,0.21
707199601443545089,20650.0,0.31
711860194184192000,15050.0,0.29
714457610418786304,30450.0,0.48
720430419091525633,15050.0,0.49
720967051448303616,15050.0,0.84
727259403787882497,20650.0,0.22
731458412794499072,11550.0,-0.04
732138081483100160,22050.0,0.02
741365706055417856,15750.0,0.21
745015101464412160,19250.0,0.64
745651197286162432,23450.0,0.08
753023866096812033,16450.0,0.77
761237429072388097,21350.0,-0.04
762953902195089409,13650.0,0.67
765151600197398528,13650.0,0.51
765875049492582400,20650.0,0.41
784330613008371712,26950.0,0.34
785488050847645696,10850.0,0.01
792019202752274433,15050.0,-0.23
793586530593992710,22050.0,-0.02
797755210638704640,24150.0,0.15
798677324078215168,15750.0,0.38
800174454428925952,20650.0,-0.03
800430827947442177,15750.0,0.26
805532057891995649,10150.0,-0.09
808273317698433024,15050.0,0.31
810969072729030657,19950.0,0.9
822525983236517888,16450.0,-0.18
826567122776125444,19950.0,-0.03
831192743196160001,20650.0,0.41
840287644789723138,15050.0,0.96
844552032157650945,11550.0,0.02
854798686748069888,10150.0,0.14
858239568356749312,20650.0,-0.06
861591645648822272,10850.0,0.09
862562895045042176,18550.0,0.49
867028282805452801,15050.0,-0.05
883619282957078528,14350.0,0.24
895342759716040704,20650.0,0.47
897499511240740864,12250.0,0.15
906980814461816832,12950.0,0.18
908104055888732160,21350.0,-0.28
922961219329421312,12950.0,0.75
929134414784815104,31150.0,0.67
930369949079621632,15050.0,0.92
943934464488550401,17850.0,-0.09
954909107261267968,17850.0,0.1
975873120639873024,20650.0,0.05
982279077284466688,24500.0,-0.09
995390255871221760,24850.0,0.79
1003051234897612811,31150.0,0.47
1005828519543431168,14350.0,0.12
1007728560906358787,12950.0,0.19
1015438132005818373,19950.0,-0.15
1024219018683711488,12950.0,0.51
1024745163996966912,10150.0,-0.05
1027500125332094976,15750.0,0.59
1030888281741946881,18550.0,0.48
1033076669920305154,13650.0,0.02
1037014022435102722,15750.0,0.03
1037068558809923584,12950.0,0.53
1040172360291246081,12250.0,0.15
1054813515297574912,18550.0,0.09
1056820583642603520,13650.0,-0.33
1061593635924385792,15750.0,0.32
1073525091110146048,15050.0,0.06
1073902588196720640,22750.0,0.02
1074442192469540866,26250.0,0.06
1078442597553786880,11550.0,0.8
1081712479372226560,15050.0,-0.0
1089767514773618688,22050.0,0.55
1090194829420699648,17850.0,0.0
1100923696359845889,14350.0,0.01
1105542481263902720,15050.0,-0.01
1114203034735738881,17150.0,0.47
1120653792234680320,10850.0,0.44
1122820243825594368,16450.0,0.0
1140249032335470592,21350.0,0.12
1173575975218700288,10150.0,0.68
1175127978973564928,12950.0,0.67
1176192835260993539,22050.0,0.04
1189702928656977921,18550.0,0.02
1200179486517530624,22050.0,0.0
1205270366408597504,15750.0,-0.34
1211406454877343744,12950.0,-0.01
1213216502981124096,34650.0,0.0
1213856027696758784,12250.0,0.35
1223580367950614530,16450.0,0.08
1228796214067572736,22050.0,-0.15
1232004214047506439,11550.0,0.0
1234530465153003523,10850.0,0.1
1236249558893711360,20650.0,0.63
1242235462565101568,23450.0,0.94
1247968813099954177,31150.0,-0.05
1254359068967387141,20650.0,0.07
1254448067287363584,22050.0,0.66
1254744340871684096,15050.0,0.66
1275304160955699200,31150.0,0.36
1278660061162807297,15050.0,0.74
1280083332878012416,24150.0,0.45
1281171244319232006,10850.0,0.0
1282962428695904258,10850.0,0.77
1291073416477528064,15050.0,0.12
1293646096598806529,11550.0,0.4
1296093471342821376,20650.0,0.45
1306778898009665537,8750.0,0.41
1307678140953767936,31150.0,0.9
1308381130375168000,16450.0,0.0
1330838848235065344,13650.0,0.69
1337140587498237957,15750.0,0.31
1347607514402185218,11200.0,-0.3
1348038805715116032,15050.0,0.26
1349102652743946246,23450.0,0.12
1353132416077062144,18550.0,0.01
1365755573799632897,16450.0,0.0
1369034164155129862,10850.0,0.73
1371732772793020419,12950.0,0.23
1372289445337165832,15050.0,0.22
1373616685014511617,16450.0,0.61
1384038314043342850,15050.0,0.0
1406376126528753670,11550.0,0.56
1419458757554278402,14350.0,0.25
1427753105282699266,16450.0,0.59
1435945480987586561,17850.0,0.32
1437048257289539589,28700.0,0.21
